Model,Accuracy,Precision,Recall,F1-Score
NCA 2,0.4557926829268293,0.5282530346526517,0.4557926829268293,0.4516455411976576
NCA 9,0.8185975609756098,0.8203010448766666,0.8185975609756098,0.8171035289911197
NCA 10,0.801829268292683,0.8023907164784057,0.801829268292683,0.8004373674831818
