{
  "experiment_date": "2025-12-27T00:58:27.639058",
  "dataset": "features_nca_9.csv",
  "n_samples": 3277,
  "n_features": 9,
  "n_classes": 10,
  "class_names": [
    "H1",
    "H10",
    "H2",
    "H3",
    "H4",
    "H5",
    "H6",
    "H7",
    "H8",
    "H9"
  ],
  "train_size": 2621,
  "test_size": 656,
  "best_params": {
    "C": 10,
    "gamma": "scale",
    "kernel": "rbf"
  },
  "cv_scores": [
    0.8136882129277566,
    0.8244274809160306,
    0.8320610687022901,
    0.8282442748091603,
    0.8053435114503816,
    0.7938931297709924,
    0.7977099236641222,
    0.7786259541984732,
    0.7977099236641222,
    0.8549618320610687
  ],
  "cv_mean": 0.8126665312164398,
  "cv_std": 0.021352514483343674,
  "test_accuracy": 0.6844512195121951,
  "test_precision_weighted": 0.7066053174356188,
  "test_recall_weighted": 0.6844512195121951,
  "test_f1_weighted": 0.6870973423065743,
  "classification_report": {
    "H1": {
      "precision": 0.9193548387096774,
      "recall": 0.8260869565217391,
      "f1-score": 0.8702290076335878,
      "support": 69.0
    },
    "H10": {
      "precision": 0.6909090909090909,
      "recall": 0.7450980392156863,
      "f1-score": 0.7169811320754716,
      "support": 51.0
    },
    "H2": {
      "precision": 0.7037037037037037,
      "recall": 0.8260869565217391,
      "f1-score": 0.76,
      "support": 69.0
    },
    "H3": {
      "precision": 0.7746478873239436,
      "recall": 0.7971014492753623,
      "f1-score": 0.7857142857142857,
      "support": 69.0
    },
    "H4": {
      "precision": 0.7246376811594203,
      "recall": 0.7246376811594203,
      "f1-score": 0.7246376811594203,
      "support": 69.0
    },
    "H5": {
      "precision": 0.9148936170212766,
      "recall": 0.6231884057971014,
      "f1-score": 0.7413793103448276,
      "support": 69.0
    },
    "H6": {
      "precision": 0.5915492957746479,
      "recall": 0.6086956521739131,
      "f1-score": 0.6,
      "support": 69.0
    },
    "H7": {
      "precision": 0.5774647887323944,
      "recall": 0.5942028985507246,
      "f1-score": 0.5857142857142857,
      "support": 69.0
    },
    "H8": {
      "precision": 0.43617021276595747,
      "recall": 0.6307692307692307,
      "f1-score": 0.5157232704402516,
      "support": 65.0
    },
    "H9": {
      "precision": 0.7142857142857143,
      "recall": 0.43859649122807015,
      "f1-score": 0.5434782608695652,
      "support": 57.0
    },
    "accuracy": 0.6844512195121951,
    "macro avg": {
      "precision": 0.7047616830385827,
      "recall": 0.6814463761212988,
      "f1-score": 0.6843857233951696,
      "support": 656.0
    },
    "weighted avg": {
      "precision": 0.7066053174356188,
      "recall": 0.6844512195121951,
      "f1-score": 0.6870973423065743,
      "support": 656.0
    }
  }
}