{
  "experiment_date": "2025-12-27T01:04:03.960260",
  "dataset": "features_glcm_lbp_hsv.csv",
  "n_samples": 3277,
  "n_features": 62,
  "n_classes": 10,
  "class_names": [
    "H1",
    "H10",
    "H2",
    "H3",
    "H4",
    "H5",
    "H6",
    "H7",
    "H8",
    "H9"
  ],
  "train_size": 2621,
  "test_size": 656,
  "best_params": {
    "C": 10,
    "gamma": "auto",
    "kernel": "rbf"
  },
  "cv_scores": [
    0.8403041825095057,
    0.8435114503816794,
    0.8358778625954199,
    0.8320610687022901,
    0.8206106870229007,
    0.8129770992366412,
    0.8091603053435115,
    0.8244274809160306,
    0.7900763358778626,
    0.8816793893129771
  ],
  "cv_mean": 0.8290685861898819,
  "cv_std": 0.02329549280919519,
  "test_accuracy": 0.7179878048780488,
  "test_precision_weighted": 0.7331857497851122,
  "test_recall_weighted": 0.7179878048780488,
  "test_f1_weighted": 0.7166029609740716,
  "classification_report": {
    "H1": {
      "precision": 0.9014084507042254,
      "recall": 0.927536231884058,
      "f1-score": 0.9142857142857143,
      "support": 69.0
    },
    "H10": {
      "precision": 0.717948717948718,
      "recall": 0.5490196078431373,
      "f1-score": 0.6222222222222222,
      "support": 51.0
    },
    "H2": {
      "precision": 0.7333333333333333,
      "recall": 0.7971014492753623,
      "f1-score": 0.7638888888888888,
      "support": 69.0
    },
    "H3": {
      "precision": 0.7746478873239436,
      "recall": 0.7971014492753623,
      "f1-score": 0.7857142857142857,
      "support": 69.0
    },
    "H4": {
      "precision": 0.7625,
      "recall": 0.8840579710144928,
      "f1-score": 0.8187919463087249,
      "support": 69.0
    },
    "H5": {
      "precision": 1.0,
      "recall": 0.5797101449275363,
      "f1-score": 0.7339449541284404,
      "support": 69.0
    },
    "H6": {
      "precision": 0.625,
      "recall": 0.7246376811594203,
      "f1-score": 0.6711409395973155,
      "support": 69.0
    },
    "H7": {
      "precision": 0.5802469135802469,
      "recall": 0.6811594202898551,
      "f1-score": 0.6266666666666667,
      "support": 69.0
    },
    "H8": {
      "precision": 0.5753424657534246,
      "recall": 0.6461538461538462,
      "f1-score": 0.6086956521739131,
      "support": 65.0
    },
    "H9": {
      "precision": 0.6304347826086957,
      "recall": 0.5087719298245614,
      "f1-score": 0.5631067961165048,
      "support": 57.0
    },
    "accuracy": 0.7179878048780488,
    "macro avg": {
      "precision": 0.7300862551252587,
      "recall": 0.7095249731647633,
      "f1-score": 0.7108458066102676,
      "support": 656.0
    },
    "weighted avg": {
      "precision": 0.7331857497851122,
      "recall": 0.7179878048780488,
      "f1-score": 0.7166029609740716,
      "support": 656.0
    }
  }
}